<?xml version="1.0" encoding="UTF-8"?>
<persistence xmlns="http://java.sun.com/xml/ns/persistence" version="2.0">
    <persistence-unit name="test2" transaction-type="RESOURCE_LOCAL">
        <provider>org.eclipse.persistence.jpa.PersistenceProvider</provider>
        <class>com.example.demo.entities.Person</class>
        <exclude-unlisted-classes>false</exclude-unlisted-classes>
        <properties>
            <property name="eclipselink.weaving" value="false"/>
        </properties>
    </persistence-unit>
</persistence>
